denominazione	partitaIva	via	comune	provincia
FRANZONI E BERTOLETTI - S.R.L.	01297860205	VIA LIGURIA 36	San Giorgio Bigarello	Mantova
COREPP SRL	02685080844	VIA ANTONIO RUSSELLO 5	Favara	Agrigento
EUROSCAVI - S.N.C. DI FALCONE E FIGLIO	03790280659	CONTRADA PANTANITO 5	Valva	Salerno
VE.COS S.R.L.	00786700237	VIA CASALANDRI 877	Isola Rizza	Verona
VIMA S.R.L.	02310630591	VIA ARACOELI 24	Spigno Saturnia	Latina
LF COSTRUZIONI S.R.L.	03040140265	VIA LEONARDO DA VINCI 6	Ponzano Veneto	Treviso
G.S.P. COSTRUZIONI S.R.L.	02196990366	VIA GRAZIOSI 660	San Cesario sul Panaro	Modena
GDM COSTRUZIONI DI DI MARIA GAETANO S.A.S	02333050843	VIALE LEONARDO SCIASCIA 45	Agrigento	Agrigento
BRUSSI COSTRUZIONI S.R.L.	00190560268	VIA FOSCARINI 2/A	Nervesa della Battaglia	Treviso
COSTRUZIONI STRADALI MARTINI SILVESTRO S.R.L.	03274590284	VIA IV NOVEMBRE 1232	Vo'	Padova
